model_name,params,runtype,480p decode,480p sr,480p display,480p total
SR_EDSR_2_52,832055,onnxruntime-directml,0.83,28.00,2.04,30.87
SR_EDSR_4_52,929607,onnxruntime-directml,0.76,32.09,2.04,34.89
SR_FastEDSR_2_4,3923,onnxruntime-directml,0.78,7.46,2.47,10.72
SR_FastEDSR_2_8,8911,onnxruntime-directml,0.67,7.10,2.04,9.80
SR_FastEDSR_2_16,22343,onnxruntime-directml,0.75,7.28,2.18,10.21
SR_FastEDSR_2_32,63031,onnxruntime-directml,0.63,7.58,1.95,10.16
SR_FastEDSR_2_64,199703,onnxruntime-directml,0.81,9.48,2.08,12.37
SR_FastEDSR_2_128,694231,onnxruntime-directml,0.89,13.45,2.18,16.52
SR_FastEDSR_4_8,11247,onnxruntime-directml,0.82,7.83,2.19,10.84
SR_FastEDSR_4_16,31623,onnxruntime-directml,0.83,7.39,2.01,10.23
SR_FastEDSR_4_32,100023,onnxruntime-directml,0.82,8.39,1.99,11.20
SR_FastEDSR_4_64,347415,onnxruntime-directml,0.82,11.70,2.02,14.54
SR_FastEDSR_4_128,1284567,onnxruntime-directml,0.83,19.25,2.06,22.14
SR_FastEDSR_4_256,4928343,onnxruntime-directml,0.85,47.94,2.44,51.23
SR_FastEDSR_jpeg_6_32,137015,onnxruntime-directml,0.78,10.00,2.30,13.09
SR_IMDN_2_48,181605,onnxruntime-directml,0.87,16.00,2.15,19.02
SR_IMDN_2_96,647091,onnxruntime-directml,0.78,26.69,2.13,29.61
SR_RFDN_1_128,888599,onnxruntime-directml,0.85,18.85,2.21,21.91
SR_RFDN_2_48,239511,onnxruntime-directml,0.81,16.55,2.02,19.38
SR_RFDN_jpeg_2_128,1525591,onnxruntime-directml,0.83,28.71,2.10,31.64
SR_RFDN_jpeg_2_256,5889623,onnxruntime-directml,0.84,68.08,2.21,71.12
SR_RFDN_4_48,419175,onnxruntime-directml,0.70,25.99,2.14,28.83
SR_RFDN_4_128,2799575,onnxruntime-directml,0.69,47.82,2.05,50.56
SR_RFDN_4_256,10981207,onnxruntime-directml,0.71,120.57,2.16,123.44
SR_EDSR_2_52,832055,tensorrt-nvdec-gl,0.37,14.54,0.50,15.41
SR_EDSR_4_52,929607,tensorrt-nvdec-gl,0.36,16.18,0.30,16.83
SR_FastEDSR_2_4,3923,tensorrt-nvdec-gl,0.34,0.56,0.28,1.18
SR_FastEDSR_2_8,8911,tensorrt-nvdec-gl,0.34,0.61,0.28,1.23
SR_FastEDSR_2_16,22343,tensorrt-nvdec-gl,0.34,0.71,0.29,1.34
SR_FastEDSR_2_32,63031,tensorrt-nvdec-gl,0.34,1.09,0.28,1.72
SR_FastEDSR_2_64,199703,tensorrt-nvdec-gl,0.35,2.45,0.29,3.09
SR_FastEDSR_2_128,694231,tensorrt-nvdec-gl,0.35,5.90,0.29,6.53
SR_FastEDSR_4_8,11247,tensorrt-nvdec-gl,0.34,0.73,0.28,1.36
SR_FastEDSR_4_16,31623,tensorrt-nvdec-gl,0.35,0.90,0.29,1.54
SR_FastEDSR_4_32,100023,tensorrt-nvdec-gl,0.34,1.57,0.28,2.20
SR_FastEDSR_4_64,347415,tensorrt-nvdec-gl,0.35,4.19,0.29,4.83
SR_FastEDSR_4_128,1284567,tensorrt-nvdec-gl,0.38,10.77,0.56,11.70
SR_FastEDSR_4_256,4928343,tensorrt-nvdec-gl,0.44,37.79,0.38,38.61
SR_FastEDSR_jpeg_6_32,137015,tensorrt-nvdec-gl,0.36,2.08,0.29,2.73
SR_IMDN_2_48,181605,tensorrt-nvdec-gl,0.37,6.89,0.30,7.56
SR_IMDN_2_96,647091,tensorrt-nvdec-gl,0.42,15.36,0.55,16.33
SR_RFDN_1_128,888599,tensorrt-nvdec-gl,0.43,11.92,0.47,12.82
SR_RFDN_2_48,239511,tensorrt-nvdec-gl,0.39,9.42,0.30,10.11
SR_RFDN_jpeg_2_128,1525591,tensorrt-nvdec-gl,0.49,21.41,0.57,22.47
SR_RFDN_jpeg_2_256,5889623,tensorrt-nvdec-gl,0.47,59.84,0.42,60.73
SR_RFDN_4_48,419175,tensorrt-nvdec-gl,0.52,17.16,0.49,18.17
SR_RFDN_4_128,2799575,tensorrt-nvdec-gl,0.46,40.20,0.43,41.09
SR_RFDN_4_256,10981207,tensorrt-nvdec-gl,0.43,111.93,0.36,112.72
