model_name,params,LPIPS,SSIM,PSNR,Loss,FPS 720p,VRAM (MB) 720p,FPS 480p,VRAM (MB) 480p
SR_EDSR_2x_0_32,48003,0.1740,0.8584,26.4297,0.0309,,,,
SR_EDSR_2x_16_64,1369859,0.0824,0.9058,29.3254,0.0223,,,,
SR_EDSR_2x_1_128,1040131,0.1169,0.8834,27.8270,0.0264,,,,
SR_EDSR_2x_1_256,4144643,0.1156,0.8849,27.9477,0.0260,,,,
SR_EDSR_2x_1_32,66499,0.1686,0.8640,26.7361,0.0299,,,,
SR_EDSR_2x_2_128,1335299,0.0977,0.8956,28.5922,0.0242,,,,
SR_EDSR_2x_2_256,5324803,0.0897,0.8989,28.8316,0.0236,,,,
SR_EDSR_2x_2_32,84995,0.1364,0.8731,27.2304,0.0284,,,,
SR_EDSR_2x_2_48,189699,0.1202,0.8819,27.7095,0.0268,,,,
SR_EDSR_2x_2_52,222355,0.1167,0.8830,27.7709,0.0267,,,,
SR_EDSR_2x_2_96,752643,0.1014,0.8921,28.3582,0.0248,,,,
SR_EDSR_2x_32_256_r,40729603,0.0690,0.9133,29.9409,0.0209,,,,
SR_EDSR_2x_4_256,7685123,0.0815,0.9065,29.3687,0.0223,,,,
SR_EDSR_2x_4_32,121987,0.1215,0.8810,27.6531,0.0270,,,,
SR_EDSR_2x_4_52,319907,0.1035,0.8906,28.2452,0.0252,,,,
SR_EDSR_2x_6_12,22899,0.1792,0.8547,26.3839,0.0312,,,,
SR_FastEDSR_2x_1_128,312588,0.1178,0.8828,27.7871,0.0265,,,,
SR_FastEDSR_2x_1_16,6828,0.1691,0.8607,26.5800,0.0304,,,,
SR_FastEDSR_2x_1_32,22860,0.1515,0.8674,26.9100,0.0292,,,,
SR_FastEDSR_2x_1_4,852,0.1693,0.8553,26.3282,0.0312,,,,
SR_FastEDSR_2x_1_64,82572,0.1270,0.8776,27.4695,0.0275,,,,
SR_FastEDSR_2x_1_8,2268,0.1752,0.8582,26.4408,0.0308,,,,
SR_FastEDSR_2x_2_128,607756,0.0933,0.8961,28.6255,0.0241,,,,
SR_FastEDSR_2x_2_16,11468,0.1639,0.8643,26.7529,0.0298,,,,
SR_FastEDSR_2x_2_32,41356,0.1259,0.8786,27.5126,0.0273,,,,
SR_FastEDSR_2x_2_4,1148,0.1769,0.8564,26.4017,0.0310,,,,
SR_FastEDSR_2x_2_64,156428,0.1059,0.8889,28.1233,0.0254,,,,
SR_FastEDSR_2x_2_8,3436,0.1675,0.8612,26.6113,0.0303,,,,
SR_FastEDSR_2x_4_128,1198092,0.0840,0.9040,29.1836,0.0226,,,,
SR_FastEDSR_2x_4_16,20748,0.1327,0.8761,27.3662,0.0278,,,,
SR_FastEDSR_2x_4_32,78348,0.1095,0.8867,28.0032,0.0259,,,,
SR_FastEDSR_2x_4_64,304140,0.0922,0.8974,28.6993,0.0239,,,,
SR_FastEDSR_2x_4_8,5772,0.1466,0.8702,27.0809,0.0287,,,,
SR_FastEDSR_2x_8_16,39308,0.1128,0.8842,27.8598,0.0263,,,,
SR_IMDN_2x_1_128,596916,0.0939,0.8971,28.6880,0.0239,,,,
SR_IMDN_2x_1_256,2350940,0.0794,0.9049,29.2264,0.0225,,,,
SR_IMDN_2x_1_48,88251,0.1535,0.8669,26.9109,0.0293,,,,
SR_IMDN_2x_1_64,153824,0.1154,0.8815,27.6719,0.0269,,,,
SR_IMDN_2x_1_96,339210,0.0982,0.8922,28.3254,0.0249,,,,
SR_IMDN_2x_2_128,1028700,0.0855,0.9009,28.9453,0.0232,,,,
SR_IMDN_2x_2_48,149130,0.1264,0.8768,27.4093,0.0277,,,,
SR_IMDN_2x_2_96,582216,0.0922,0.8966,28.6273,0.0240,,,,
SR_IMDN_2x_4_16,31808,0.1715,0.8540,26.3085,0.0313,,,,
SR_IMDN_2x_4_256,7528268,0.0705,0.9113,29.7776,0.0212,,,,
SR_IMDN_2x_4_52,317120,0.1068,0.8866,27.9536,0.0259,,,,
SR_IMDN_2x_5_16,38629,0.1748,0.8537,26.3193,0.0313,,,,
SR_IMDN_2x_6_64,694404,0.0933,0.8950,28.5192,0.0244,,,,
SR_RFDN_2x_1_128,802124,0.0851,0.8996,28.8444,0.0235,,,,
SR_RFDN_2x_1_256,3170956,0.0791,0.9055,29.3050,0.0223,,,,
SR_RFDN_2x_1_4,1363,0.1360,0.8285,25.4235,0.0339,,,,
SR_RFDN_2x_1_48,117204,0.1176,0.8795,27.5500,0.0272,,,,
SR_RFDN_2x_1_64,205228,0.1061,0.8867,27.9817,0.0259,,,,
SR_RFDN_2x_1_96,454716,0.0946,0.8946,28.4946,0.0244,,,,
SR_RFDN_2x_2_128,1439116,0.0794,0.9046,29.2196,0.0226,,,,
SR_RFDN_2x_2_16,24668,0.1745,0.8551,26.3919,0.0310,,,,
SR_RFDN_2x_2_256,5716748,0.0715,0.9108,29.7250,0.0214,,,,
SR_RFDN_2x_2_256_GAN,5716748,0.0390,0.8830,28.2825,0.0259,,,,
SR_RFDN_2x_2_48,207036,0.1069,0.8853,27.8981,0.0262,,,,
SR_RFDN_2x_2_52,242306,0.1067,0.8867,27.9643,0.0259,,,,
SR_RFDN_2x_2_64,364748,0.1005,0.8923,28.3411,0.0249,,,,
SR_RFDN_2x_2_96,813228,0.0830,0.9015,28.9750,0.0231,,,,
SR_RFDN_2x_4_128,2713100,0.0740,0.9099,29.6853,0.0215,,,,
SR_RFDN_2x_4_16,44812,0.1699,0.8525,26.2665,0.0314,,,,
SR_RFDN_2x_4_256,10808332,0.0681,0.9150,30.1094,0.0205,,,,
SR_RFDN_2x_4_48,386700,0.0969,0.8913,28.2618,0.0251,,,,
SR_RFDN_2x_4_52,453088,0.0899,0.8954,28.5227,0.0243,,,,
SR_RFDN_2x_4_96,1530252,0.0769,0.9063,29.3579,0.0222,,,,
SR_RFDN_2x_6_48,566364,0.0969,0.8898,28.1636,0.0254,,,,
SR_RFDN_2x_6_52,663870,0.0904,0.8950,28.5434,0.0243,,,,
SR_RFDN_2x_6_64,1002828,0.0836,0.9023,29.0401,0.0230,,,,
SR_SRCNN_2x,20099,0.1587,0.8601,26.6584,0.0301,,,,
SR_VDSR_2x_18_64,668227,0.0902,0.8990,28.8733,0.0234,,,,
SR_EDSR_2_52,832055,0.1089,0.8864,27.9558,0.0260,,,,
SR_EDSR_4_52,929607,0.0954,0.8948,28.5037,0.0244,,,,
SR_FastEDSR_2_128,694231,0.0931,0.8966,28.6643,0.0240,,,,
SR_FastEDSR_2_16,22343,0.1531,0.8658,26.8304,0.0295,,,,
SR_FastEDSR_2_32,63031,0.1186,0.8812,27.6389,0.0270,,,,
SR_FastEDSR_2_4,3923,0.1791,0.8562,26.3789,0.0311,,,,
SR_FastEDSR_2_64,199703,0.1016,0.8910,28.2597,0.0251,,,,
SR_FastEDSR_2_8,8911,0.1775,0.8582,26.4491,0.0308,,,,
SR_FastEDSR_4_128,1284567,0.0820,0.9049,29.2518,0.0225,,,,
SR_FastEDSR_4_16,31623,0.1207,0.8802,27.5916,0.0272,,,,
SR_FastEDSR_4_32,100023,0.1033,0.8900,28.1975,0.0253,,,,
SR_FastEDSR_4_64,347415,0.0885,0.8990,28.8065,0.0236,,,,
SR_FastEDSR_4_8,11247,0.1614,0.8652,26.7868,0.0297,,,,
SR_FastEDSR_jpeg_2_16_s,22343,0.1650,0.8405,26.4646,0.0310,,,,
SR_FastEDSR_jpeg_2_64,199703,0.1686,0.8384,26.7200,0.0303,,,,
SR_FastEDSR_jpeg_2_8_s,8911,0.1926,0.8346,26.0984,0.0323,,,,
SR_FastEDSR_jpeg_4_128,1284567,0.1317,0.8652,27.5530,0.0273,,,,
SR_FastEDSR_jpeg_4_128_s,1284567,0.1190,0.8721,27.2022,0.0281,,,,
SR_FastEDSR_jpeg_4_256,4928343,0.1236,0.8698,27.6997,0.0268,,,,
SR_FastEDSR_jpeg_4_256_GAN,4928343,0.1045,0.8188,24.9264,0.0388,,,,
SR_FastEDSR_jpeg_4_32,100023,0.1709,0.8356,26.6921,0.0303,,,,
SR_FastEDSR_jpeg_4_32_s,100023,0.1525,0.8490,26.6984,0.0300,,,,
SR_FastEDSR_jpeg_4_32_s_384,100023,0.1472,0.8530,26.7119,0.0299,,,,
SR_FastEDSR_jpeg_4_32_sharp5_1_03,100023,0.1565,0.8458,26.8302,0.0298,,,,
SR_FastEDSR_jpeg_4_32_sharp5_1_1,100023,0.1499,0.8488,25.9623,0.0322,,,,
SR_FastEDSR_jpeg_4_48,205287,0.1560,0.8476,26.9949,0.0292,,,,
SR_FastEDSR_jpeg_4_64,347415,0.1457,0.8546,27.1709,0.0285,,,,
SR_FastEDSR_jpeg_4_64_ESRGAN,347415,0.1510,0.8047,25.6242,0.0372,,,,
SR_FastEDSR_jpeg_4_64_fft,347415,0.1325,0.8534,27.0873,0.0287,,,,
SR_FastEDSR_jpeg_4_64_fft_log,347415,0.1398,0.8560,27.2092,0.0284,,,,
SR_FastEDSR_jpeg_4_64_GAN,347415,0.1137,0.7881,23.8933,0.0462,,,,
SR_FastEDSR_jpeg_4_64_perc,347415,0.1370,0.8571,27.2157,0.0284,,,,
SR_FastEDSR_jpeg_4_64_s,347415,0.1293,0.8637,26.9528,0.0289,,,,
SR_FastEDSR_jpeg_6_32,137015,0.1582,0.8452,26.9163,0.0295,,,,
SR_IMDN_2_48,181605,0.1204,0.8777,27.4342,0.0276,,,,
SR_IMDN_2_96,647091,0.0880,0.8982,28.7290,0.0238,,,,
SR_RFDN_1_128,888599,0.0835,0.9009,28.9220,0.0232,,,,
SR_RFDN_2_48,239511,0.1054,0.8857,27.8929,0.0262,,,,
SR_RFDN_2_96,878103,0.0843,0.9017,29.0094,0.0231,,,,
SR_RFDN_2_96_GAN,878103,0.0486,0.8348,27.0017,0.0313,,,,
SR_RFDN_4_128,2799575,0.0742,0.9103,29.6872,0.0215,,,,
SR_RFDN_4_16,55687,0.1735,0.8509,26.2422,0.0316,,,,
SR_RFDN_4_256,10981207,0.0675,0.9153,30.1549,0.0204,,,,
SR_RFDN_4_256_ESRGAN,10981207,0.0511,0.8988,29.2646,0.0232,,,,
SR_RFDN_4_256_GAN,10981207,0.0415,0.8899,28.7533,0.0247,,,,
SR_RFDN_4_48,419175,0.0935,0.8927,28.3244,0.0249,,,,
SR_RFDN_jpeg_2_128,1525591,0.1045,0.8798,27.5120,0.0271,,,,
SR_RFDN_jpeg_2_128_GAN,1525591,0.0871,0.8294,25.3906,0.0367,,,,
SR_RFDN_jpeg_2_256,5889623,0.0992,0.8845,27.5881,0.0269,,,,
SR_RFDN_jpeg_2_256_GAN,5889623,0.0798,0.8354,25.3820,0.0361,,,,
SR_RFDN_jpeg_4_128,2799575,0.1418,0.8523,26.6957,0.0302,,,,
SR_FastEDSR_4_256,4928343,0.0850,0.9056,29.3051,0.0223,,,,
SR_FastEDSR_6_256,7288663,0.0751,0.9093,29.5961,0.0216,,,,
nearest,0,0.1652,0.8087,24.1846,0.0365,,,,
bilinear,0,0.2480,0.7943,24.5260,0.0370,,,,
bicubic,0,0.2070,0.8282,25.4308,0.0337,,,,
lanczos,0,0.2319,0.8384,25.8091,0.0327,,,,
