model_name,params,runtype,480p decode,480p sr,480p e2e,480p fullSR_EDSR_2_52,832055,onnxruntime-directml,1732.29,68.37,64.79,58.43
SR_EDSR_4_52,929607,onnxruntime-directml,1692.60,52.53,50.74,44.26
SR_FastEDSR_2_128,694231,onnxruntime-directml,1831.10,86.46,81.47,71.69
SR_FastEDSR_2_16,22343,onnxruntime-directml,1799.70,182.35,164.79,127.60
SR_FastEDSR_2_32,63031,onnxruntime-directml,1742.99,165.64,142.91,116.83
SR_FastEDSR_2_4,3923,onnxruntime-directml,1792.71,185.17,162.84,124.89
SR_FastEDSR_2_64,199703,onnxruntime-directml,1530.22,127.86,104.07,84.08
SR_FastEDSR_2_8,8911,onnxruntime-directml,1454.44,165.32,155.29,121.13
SR_FastEDSR_4_16,31623,onnxruntime-directml,1614.23,174.72,155.52,117.07
SR_FastEDSR_4_256,4928343,onnxruntime-directml,1688.26,21.98,21.30,20.27
SR_FastEDSR_4_64,347415,onnxruntime-directml,1613.47,98.51,90.84,78.67
SR_FastEDSR_4_8,11247,onnxruntime-directml,1757.56,176.15,158.77,123.47
SR_FastEDSR_6_256,7288663,onnxruntime-directml,1652.98,14.71,14.82,14.40
SR_FastEDSR_jpeg_4_48,205287,onnxruntime-directml,1601.88,110.99,102.82,87.82
SR_FastEDSR_jpeg_6_32,137015,onnxruntime-directml,1627.07,132.99,118.48,98.21
SR_IMDN_2_48,181605,onnxruntime-directml,1656.95,70.83,67.16,59.88
SR_IMDN_2_96,647091,onnxruntime-directml,1673.49,40.92,39.83,37.25
SR_RFDN_1_128,888599,onnxruntime-directml,953.47,58.83,56.26,50.75
SR_RFDN_2_48,239511,onnxruntime-directml,1743.48,66.13,63.55,57.26
SR_RFDN_2_96,878103,onnxruntime-directml,1692.78,42.34,42.86,39.65
SR_RFDN_jpeg_2_128,1525591,onnxruntime-directml,1672.08,37.35,36.36,32.80
SR_RFDN_jpeg_2_256,5889623,onnxruntime-directml,1592.94,15.24,15.01,14.70
SR_RFDN_4_16,55687,onnxruntime-directml,1789.73,113.30,106.02,88.74
SR_RFDN_4_48,419175,onnxruntime-directml,1767.42,38.12,38.75,37.19
SR_RFDN_4_128,2799575,onnxruntime-directml,1597.89,20.88,20.69,19.60
SR_RFDN_4_256,10981207,onnxruntime-directml,1392.77,8.22,8.21,8.11
SR_FastEDSR_4_32,100023,onnxruntime-directml,1686.64,146.19,134.79,108.23
SR_FastEDSR_4_128,1284567,onnxruntime-directml,1735.71,57.40,55.11,50.22
SR_IMDN_2x_4_52,317120,onnxruntime-directml,1696.23,22.00,22.21,21.25
SR_EDSR_2x_0_32,48003,onnxruntime-directml,1764.18,144.03,131.21,105.28
SR_EDSR_2x_16_64,1369859,onnxruntime-directml,1754.01,35.52,35.66,33.59
SR_EDSR_2x_1_128,1040131,onnxruntime-directml,1802.57,54.66,52.78,48.32
SR_EDSR_2x_1_256,4144643,onnxruntime-directml,1863.60,21.93,21.60,20.56
SR_EDSR_2x_1_32,66499,onnxruntime-directml,1833.38,136.28,125.59,103.77
SR_EDSR_2x_2_128,1335299,onnxruntime-directml,1799.54,47.11,45.61,42.28
SR_EDSR_2x_2_256,5324803,onnxruntime-directml,1833.28,18.05,17.86,17.08
SR_EDSR_2x_2_32,84995,onnxruntime-directml,1797.26,129.93,120.19,99.84
SR_EDSR_2x_2_48,189699,onnxruntime-directml,1754.03,98.53,92.71,80.36
SR_EDSR_2x_2_52,222355,onnxruntime-directml,1798.82,68.12,57.43,57.75
SR_EDSR_2x_2_96,752643,onnxruntime-directml,1810.13,57.49,55.40,50.28
SR_EDSR_2x_32_256_r,40729603,onnxruntime-directml,1811.81,2.86,2.85,2.84
SR_EDSR_2x_4_256,7685123,onnxruntime-directml,1805.68,13.17,13.08,12.61
SR_EDSR_2x_4_32,121987,onnxruntime-directml,1867.10,114.32,107.70,91.96
SR_EDSR_2x_4_52,319907,onnxruntime-directml,1887.54,52.72,50.53,42.00
SR_EDSR_2x_6_12,22899,onnxruntime-directml,1722.95,157.75,146.18,112.75
SR_FastEDSR_2x_1_128,312588,onnxruntime-directml,1808.62,116.65,108.47,84.36
SR_FastEDSR_2x_1_16,6828,onnxruntime-directml,1686.11,185.18,168.04,128.81
SR_FastEDSR_2x_1_32,22860,onnxruntime-directml,1789.32,177.92,158.68,102.26
SR_FastEDSR_2x_1_4,852,onnxruntime-directml,1812.72,190.16,171.26,131.53
SR_FastEDSR_2x_1_64,82572,onnxruntime-directml,1827.24,153.29,140.76,112.20
SR_FastEDSR_2x_1_8,2268,onnxruntime-directml,1780.12,188.96,168.85,130.71
SR_FastEDSR_2x_2_128,607756,onnxruntime-directml,1559.14,86.12,80.17,68.02
SR_FastEDSR_2x_2_16,11468,onnxruntime-directml,1554.58,176.15,163.49,127.97
SR_FastEDSR_2x_2_32,41356,onnxruntime-directml,1673.07,164.46,146.41,118.39
SR_FastEDSR_2x_2_4,1148,onnxruntime-directml,1785.51,187.63,166.82,130.65
SR_FastEDSR_2x_2_64,156428,onnxruntime-directml,1836.79,129.24,119.92,97.24
SR_FastEDSR_2x_2_8,3436,onnxruntime-directml,1797.25,177.24,163.67,128.38
SR_FastEDSR_2x_4_128,1198092,onnxruntime-directml,1813.08,55.34,53.16,49.12
SR_FastEDSR_2x_4_16,20748,onnxruntime-directml,1775.51,177.82,158.27,123.82
SR_FastEDSR_2x_4_32,78348,onnxruntime-directml,1818.78,149.35,135.51,107.94
SR_FastEDSR_2x_4_64,304140,onnxruntime-directml,1832.58,100.61,93.55,80.96
SR_FastEDSR_2x_4_8,5772,onnxruntime-directml,1765.96,181.31,121.72,123.45
SR_FastEDSR_2x_8_16,39308,onnxruntime-directml,1773.54,164.81,147.93,117.62
SR_IMDN_2x_1_128,596916,onnxruntime-directml,1764.13,51.78,50.35,47.38
SR_IMDN_2x_1_256,2350940,onnxruntime-directml,1807.01,24.23,23.72,22.76
SR_IMDN_2x_1_48,88251,onnxruntime-directml,1547.43,86.52,83.28,74.28
SR_IMDN_2x_1_64,153824,onnxruntime-directml,1773.06,84.03,79.64,68.22
SR_IMDN_2x_1_96,339210,onnxruntime-directml,1662.08,55.87,54.32,49.90
SR_IMDN_2x_2_128,1028700,onnxruntime-directml,1816.55,33.03,32.36,29.31
SR_IMDN_2x_2_48,149130,onnxruntime-directml,1807.28,61.45,59.24,52.92
SR_IMDN_2x_2_96,582216,onnxruntime-directml,1775.39,34.26,34.19,31.83
SR_IMDN_2x_4_16,31808,onnxruntime-directml,1751.73,104.00,97.85,82.49
SR_IMDN_2x_4_256,7528268,onnxruntime-directml,1785.02,8.13,8.10,7.84
SR_IMDN_2x_5_16,38629,onnxruntime-directml,1759.66,93.69,88.16,76.58
SR_IMDN_2x_6_64,694404,onnxruntime-directml,1820.06,24.57,23.84,22.56
SR_RFDN_2x_1_128,802124,onnxruntime-directml,1379.54,56.92,55.34,50.92
SR_RFDN_2x_1_256,3170956,onnxruntime-directml,1393.10,25.02,25.16,24.14
SR_RFDN_2x_1_4,1363,onnxruntime-directml,1380.58,176.05,150.86,119.22
SR_RFDN_2x_1_48,117204,onnxruntime-directml,1399.41,83.86,85.90,76.57
SR_RFDN_2x_1_64,205228,onnxruntime-directml,1417.11,98.98,90.03,78.35
SR_RFDN_2x_1_96,454716,onnxruntime-directml,1409.08,66.62,62.10,53.73
SR_RFDN_2x_2_128,1439116,onnxruntime-directml,1363.47,36.92,35.61,33.88
SR_RFDN_2x_2_16,24668,onnxruntime-directml,1447.82,145.35,127.78,86.83
SR_RFDN_2x_2_256,5716748,onnxruntime-directml,1504.05,15.28,14.92,14.66
SR_RFDN_2x_2_48,207036,onnxruntime-directml,1459.93,66.28,61.43,56.04
SR_RFDN_2x_2_52,242306,onnxruntime-directml,1493.76,45.31,42.08,39.25
SR_RFDN_2x_2_64,364748,onnxruntime-directml,1438.22,70.56,65.51,58.79
SR_RFDN_2x_2_96,813228,onnxruntime-directml,1474.29,42.70,41.24,38.54
SR_RFDN_2x_4_128,2713100,onnxruntime-directml,1467.30,21.50,20.99,19.99
SR_RFDN_2x_4_16,44812,onnxruntime-directml,1484.62,112.18,100.57,87.43
SR_RFDN_2x_4_256,10808332,onnxruntime-directml,1483.95,8.29,8.26,8.18
SR_RFDN_2x_4_48,386700,onnxruntime-directml,1613.66,41.09,39.96,36.51
SR_RFDN_2x_4_52,453088,onnxruntime-directml,1726.42,27.08,26.60,25.19
SR_RFDN_2x_4_96,1530252,onnxruntime-directml,1755.53,25.93,25.46,24.05
SR_RFDN_2x_6_48,566364,onnxruntime-directml,1820.87,29.84,29.25,27.59
SR_RFDN_2x_6_52,663870,onnxruntime-directml,1775.55,19.23,18.93,18.26
SR_RFDN_2x_6_64,1002828,onnxruntime-directml,1748.92,32.87,32.04,30.37
SR_SRCNN_2x,20099,onnxruntime-directml,1788.6,0,0,0
SR_VDSR_2x_18_64,668227,onnxruntime-directml,1658.4,0,0,0